{"stats":{"minecraft:used":{"minecraft:wooden_axe":13,"minecraft:crafting_table":1,"minecraft:stone_pickaxe":8,"minecraft:wooden_pickaxe":7},"minecraft:picked_up":{"minecraft:spruce_log":16,"minecraft:dirt":11,"minecraft:cobblestone":15},"minecraft:crafted":{"minecraft:stone_axe":1,"minecraft:crafting_table":1,"minecraft:spruce_planks":64,"minecraft:stick":8,"minecraft:stone_pickaxe":1,"minecraft:wooden_pickaxe":1,"minecraft:wooden_axe":1},"minecraft:mined":{"minecraft:podzol":3,"minecraft:dirt":8,"minecraft:spruce_log":16,"minecraft:stone":15},"minecraft:custom":{"minecraft:time_since_rest":9453,"minecraft:sprint_one_cm":3584,"minecraft:play_time":9453,"minecraft:walk_one_cm":21860,"minecraft:jump":43,"minecraft:leave_game":3,"minecraft:time_since_death":9453,"minecraft:total_world_time":9453,"minecraft:interact_with_crafting_table":4,"minecraft:fall_one_cm":1047,"minecraft:fly_one_cm":3257}},"DataVersion":3465}