{"stats":{"minecraft:used":{"minecraft:stone_axe":13,"minecraft:wooden_axe":13,"minecraft:crafting_table":1,"minecraft:stone_pickaxe":8,"minecraft:wooden_pickaxe":7},"minecraft:killed":{"minecraft:sheep":4,"minecraft:pig":3,"minecraft:cow":2},"minecraft:picked_up":{"minecraft:leather":2,"minecraft:beef":2,"minecraft:porkchop":6,"minecraft:spruce_log":20,"minecraft:mutton":7,"minecraft:white_wool":4,"minecraft:dirt":11,"minecraft:cobblestone":15},"minecraft:crafted":{"minecraft:stone_axe":1,"minecraft:crafting_table":1,"minecraft:spruce_planks":64,"minecraft:stick":8,"minecraft:stone_pickaxe":1,"minecraft:wooden_pickaxe":1,"minecraft:wooden_axe":1},"minecraft:mined":{"minecraft:podzol":3,"minecraft:dirt":8,"minecraft:spruce_log":20,"minecraft:stone":15},"minecraft:custom":{"minecraft:time_since_rest":12345,"minecraft:sprint_one_cm":31117,"minecraft:play_time":12345,"minecraft:walk_one_cm":30740,"minecraft:walk_under_water_one_cm":127,"minecraft:mob_kills":9,"minecraft:jump":114,"minecraft:damage_dealt":820,"minecraft:walk_on_water_one_cm":253,"minecraft:leave_game":3,"minecraft:time_since_death":12345,"minecraft:total_world_time":12345,"minecraft:interact_with_crafting_table":4,"minecraft:fall_one_cm":1885,"minecraft:fly_one_cm":17681}},"DataVersion":3465}