{"stats":{"minecraft:killed":{"minecraft:pig":3,"minecraft:spider":1,"minecraft:bat":1,"minecraft:sheep":4,"minecraft:skeleton":1,"minecraft:cow":3},"minecraft:used":{"minecraft:cooked_mutton":2,"minecraft:stone_pickaxe":47,"minecraft:wooden_pickaxe":7,"minecraft:shield":1,"minecraft:torch":1,"minecraft:dirt":12,"minecraft:crafting_table":4,"minecraft:wooden_axe":13,"minecraft:iron_pickaxe":17,"minecraft:stone_axe":25,"minecraft:furnace":2,"minecraft:porkchop":1,"minecraft:andesite":2},"minecraft:picked_up":{"minecraft:crafting_table":3,"minecraft:andesite":2,"minecraft:leather":3,"minecraft:lapis_lazuli":19,"minecraft:dirt":12,"minecraft:string":2,"minecraft:bone":2,"minecraft:cobbled_deepslate":2,"minecraft:raw_gold":6,"minecraft:beef":4,"minecraft:stone_pickaxe":1,"minecraft:furnace":2,"minecraft:raw_iron":7,"minecraft:porkchop":6,"minecraft:spruce_log":20,"minecraft:redstone":4,"minecraft:spider_eye":1,"minecraft:arrow":1,"minecraft:diamond":2,"minecraft:mutton":7,"minecraft:coal":36,"minecraft:white_wool":4,"minecraft:cobblestone":22},"minecraft:crafted":{"minecraft:cooked_porkchop":5,"minecraft:crafting_table":2,"minecraft:spruce_planks":80,"minecraft:wooden_pickaxe":1,"minecraft:furnace":2,"minecraft:stone_axe":1,"minecraft:cooked_mutton":7,"minecraft:air":0,"minecraft:shield":1,"minecraft:stick":20,"minecraft:iron_ingot":4,"minecraft:iron_pickaxe":1,"minecraft:stone_pickaxe":1,"minecraft:wooden_axe":1,"minecraft:torch":32},"minecraft:mined":{"minecraft:podzol":3,"minecraft:deepslate_redstone_ore":1,"minecraft:deepslate_diamond_ore":2,"minecraft:crafting_table":3,"minecraft:grass_block":1,"minecraft:deepslate_gold_ore":4,"minecraft:furnace":2,"minecraft:iron_ore":4,"minecraft:spruce_log":20,"minecraft:andesite":2,"minecraft:deepslate_lapis_ore":3,"minecraft:coal_ore":24,"minecraft:deepslate_iron_ore":3,"minecraft:dirt":8,"minecraft:stone":22,"minecraft:gold_ore":2,"minecraft:deepslate":2},"minecraft:dropped":{"minecraft:stone_pickaxe":1},"minecraft:custom":{"minecraft:interact_with_furnace":18,"minecraft:mob_kills":13,"minecraft:interact_with_crafting_table":7,"minecraft:leave_game":4,"minecraft:time_since_death":22918,"minecraft:time_since_rest":22918,"minecraft:sprint_one_cm":56540,"minecraft:damage_taken":95,"minecraft:walk_one_cm":63601,"minecraft:damage_blocked_by_shield":30,"minecraft:drop":1,"minecraft:damage_dealt":1430,"minecraft:swim_one_cm":3448,"minecraft:fly_one_cm":30022,"minecraft:crouch_one_cm":317,"minecraft:play_time":22918,"minecraft:sneak_time":156,"minecraft:walk_under_water_one_cm":4561,"minecraft:jump":246,"minecraft:walk_on_water_one_cm":5697,"minecraft:total_world_time":22918,"minecraft:fall_one_cm":6633}},"DataVersion":3465}